<?xml version="1.0" encoding="UTF-8"?>

<!-- generated on 12/17/19 08:52:32 by Eclipse SUMO dfrouter Version 1.3.1
<configuration xmlns:xsi="http://www.w3.org/2001/XMLSchema-instance" xsi:noNamespaceSchemaLocation="http://sumo.dlr.de/xsd/dfrouterConfiguration.xsd">

    <input>
        <net-file value="DCC.net.xml"/>
        <detector-files value="DCC_detectors.det.xml"/>
        <measure-files value="DCC_flows.csv"/>
    </input>

    <output>
        <routes-output value="DCC_routes.rou.xml"/>
        <detectors-poi-output value="DCC_detectors.poi.xml"/>
        <emitters-output value="DCC_emitters.emi.xml"/>
        <vtype value="true"/>
        <vtype-output value="dfrouter-vtypes.add.xml"/>
    </output>

    <processing>
        <keep-unfinished-routes value="true"/>
        <time-factor value="1"/>
        <time-step value="360"/>
        <scale value="0.1"/>
    </processing>

    <defaults>
        <departlane value="best"/>
        <departpos value="random_free"/>
        <departspeed value="max"/>
        <arrivalpos value="max"/>
    </defaults>

    <report>
        <verbose value="true"/>
    </report>

</configuration>
-->

<additional xmlns:xsi="http://www.w3.org/2001/XMLSchema-instance" xsi:noNamespaceSchemaLocation="http://sumo.dlr.de/xsd/additional_file.xsd">
    <poi id="681_1" type="source_detector_position" color="green" lane="394744908#1_0" pos="0.20"/>
    <poi id="1396_1" type="source_detector_position" color="green" lane="-129217471#2_0" pos="78.41"/>
    <poi id="862_1" type="source_detector_position" color="green" lane="4825341#2_0" pos="93.04"/>
    <poi id="849_1" type="source_detector_position" color="green" lane="13907386#0_0" pos="432.21"/>
    <poi id="627_1" type="source_detector_position" color="green" lane="4401806_0" pos="10.41"/>
    <poi id="1155_1" type="source_detector_position" color="green" lane="-282243995#2_0" pos="0.11"/>
    <poi id="1029_1" type="source_detector_position" color="green" lane="58403835#2_0" pos="88.12"/>
    <poi id="442_1" type="source_detector_position" color="green" lane="37721501#0_0" pos="51.23"/>
    <poi id="1374_1" type="source_detector_position" color="green" lane="-44668398#2_0" pos="0.39"/>
    <poi id="812_1" type="source_detector_position" color="green" lane="3789702_0" pos="0.00"/>
    <poi id="358_1" type="source_detector_position" color="green" lane="-3791034#1_1" pos="0.00"/>
    <poi id="114_1" type="source_detector_position" color="green" lane="gneE22_0" pos="25.75"/>
    <poi id="12_1" type="source_detector_position" color="green" lane="50214631#0_0" pos="31.26"/>
    <poi id="693_1" type="source_detector_position" color="green" lane="26545993#0_0" pos="114.48"/>
    <poi id="8_1" type="source_detector_position" color="green" lane="24450827_0" pos="0.56"/>
    <poi id="500_1" type="source_detector_position" color="green" lane="3716924_1" pos="11.94"/>
    <poi id="80_1" type="source_detector_position" color="green" lane="gneE29_2" pos="22.47"/>
    <poi id="356_1" type="source_detector_position" color="green" lane="3792490#0_0" pos="98.94"/>
    <poi id="755_1" type="source_detector_position" color="green" lane="49961185_0" pos="17.22"/>
    <poi id="652_1" type="source_detector_position" color="green" lane="4395952#1_0" pos="5.17"/>
    <poi id="646_1" type="source_detector_position" color="green" lane="3787955#0_0" pos="22.59"/>
    <poi id="157_1" type="source_detector_position" color="green" lane="3791745#0_0" pos="0.00"/>
    <poi id="1162_1" type="source_detector_position" color="green" lane="-15464769#0_0" pos="14.60"/>
    <poi id="667_1" type="source_detector_position" color="green" lane="24973956#0_0" pos="18.96"/>
    <poi id="57_1" type="source_detector_position" color="green" lane="229727179_0" pos="0.00"/>
    <poi id="88_1" type="source_detector_position" color="green" lane="114208221#0_0" pos="11.50"/>
    <poi id="695_1" type="source_detector_position" color="green" lane="4476043#0_0" pos="41.02"/>
    <poi id="669_1" type="source_detector_position" color="green" lane="514848250_0" pos="108.39"/>
    <poi id="1149_1" type="source_detector_position" color="green" lane="156771908_0" pos="174.79"/>
    <poi id="237_1" type="source_detector_position" color="green" lane="-83806426#4_0" pos="10.30"/>
    <poi id="464_1" type="source_detector_position" color="green" lane="372477029_0" pos="57.19"/>
    <poi id="1279_1" type="source_detector_position" color="green" lane="-3708465#1_0" pos="33.62"/>
    <poi id="1360_1" type="source_detector_position" color="green" lane="-4472606#1_0" pos="288.08"/>
    <poi id="609_1" type="source_detector_position" color="green" lane="162745567#0_0" pos="9.96"/>
    <poi id="550_1" type="source_detector_position" color="green" lane="37746962_0" pos="12.83"/>
    <poi id="454_1" type="source_detector_position" color="green" lane="37692198#0_0" pos="13.73"/>
    <poi id="154_1" type="source_detector_position" color="green" lane="37865098#2_1" pos="70.34"/>
    <poi id="468_1" type="source_detector_position" color="green" lane="4934683_0" pos="140.26"/>
    <poi id="65_1" type="source_detector_position" color="green" lane="125814598_0" pos="9.71"/>
    <poi id="840_1" type="source_detector_position" color="green" lane="23086918#1_0" pos="52.49"/>
    <poi id="5_1" type="source_detector_position" color="green" lane="529166768#1_0" pos="27.97"/>
    <poi id="649_1" type="source_detector_position" color="green" lane="192108786#1_1" pos="10.38"/>
    <poi id="757_1" type="source_detector_position" color="green" lane="3787951#0_0" pos="196.11"/>
    <poi id="643_1" type="source_detector_position" color="green" lane="4401523_1" pos="0.20"/>
    <poi id="706_1" type="source_detector_position" color="green" lane="372838324#5_2" pos="14.92"/>
    <poi id="853_2" type="source_detector_position" color="green" lane="-53750892#4_0" pos="3.86"/>
    <poi id="359_2" type="source_detector_position" color="green" lane="-3791034#1_1" pos="0.00"/>
    <poi id="476_2" type="source_detector_position" color="green" lane="372838324#0_2" pos="13.18"/>
    <poi id="111_2" type="source_detector_position" color="green" lane="3789571#0_1" pos="0.00"/>
    <poi id="123_2" type="source_detector_position" color="green" lane="-3791031#3_0" pos="102.31"/>
    <poi id="115_2" type="source_detector_position" color="green" lane="gneE22_0" pos="25.75"/>
    <poi id="753_2" type="source_detector_position" color="green" lane="585819383#0_0" pos="7.23"/>
    <poi id="357_2" type="source_detector_position" color="green" lane="3792490#0_0" pos="98.94"/>
    <poi id="756_2" type="source_detector_position" color="green" lane="49961185_0" pos="17.22"/>
    <poi id="775_2" type="source_detector_position" color="green" lane="4402007#1_1" pos="90.70"/>
    <poi id="455_2" type="source_detector_position" color="green" lane="37692198#0_0" pos="13.73"/>
    <poi id="650_2" type="source_detector_position" color="green" lane="192108786#1_1" pos="10.38"/>
    <poi id="610_2" type="source_detector_position" color="green" lane="162745567#0_0" pos="9.96"/>
    <poi id="644_2" type="source_detector_position" color="green" lane="4401523_1" pos="0.20"/>
    <poi id="291_2" type="source_detector_position" color="green" lane="33920769#4_0" pos="4.06"/>
    <poi id="612_2" type="source_detector_position" color="green" lane="125872496_1" pos="16.27"/>
    <poi id="1361_2" type="source_detector_position" color="green" lane="-4472606#1_0" pos="288.08"/>
    <poi id="758_2" type="source_detector_position" color="green" lane="3787951#0_0" pos="196.11"/>
    <poi id="707_2" type="source_detector_position" color="green" lane="372838324#5_2" pos="14.92"/>
    <poi id="9_2" type="source_detector_position" color="green" lane="24450827_0" pos="0.56"/>
    <poi id="813_2" type="source_detector_position" color="green" lane="3789702_0" pos="0.00"/>
    <poi id="670_2" type="source_detector_position" color="green" lane="514848250_0" pos="108.39"/>
    <poi id="158_2" type="source_detector_position" color="green" lane="-3791745#3_1" pos="40.00"/>
    <poi id="443_2" type="source_detector_position" color="green" lane="37721501#0_0" pos="51.23"/>
    <poi id="89_2" type="source_detector_position" color="green" lane="114208221#0_0" pos="11.50"/>
    <poi id="682_2" type="source_detector_position" color="green" lane="394744908#1_0" pos="0.20"/>
    <poi id="636_2" type="source_detector_position" color="green" lane="gneE28_2" pos="38.73"/>
    <poi id="501_2" type="source_detector_position" color="green" lane="3716924_1" pos="11.94"/>
    <poi id="1156_2" type="source_detector_position" color="green" lane="-282243995#2_0" pos="0.11"/>
    <poi id="1030_2" type="source_detector_position" color="green" lane="58403835#2_0" pos="88.12"/>
    <poi id="974_2" type="source_detector_position" color="green" lane="12341246#0_0" pos="36.09"/>
    <poi id="469_2" type="source_detector_position" color="green" lane="4934683_0" pos="140.26"/>
    <poi id="465_2" type="source_detector_position" color="green" lane="372477029_0" pos="57.19"/>
    <poi id="863_2" type="source_detector_position" color="green" lane="4825341#2_0" pos="93.04"/>
    <poi id="1277_2" type="source_detector_position" color="green" lane="38587823_0" pos="69.39"/>
    <poi id="637_3" type="source_detector_position" color="green" lane="gneE28_2" pos="38.73"/>
    <poi id="124_3" type="source_detector_position" color="green" lane="-3791031#3_0" pos="102.31"/>
    <poi id="1164_3" type="source_detector_position" color="green" lane="-15464769#0_0" pos="14.60"/>
    <poi id="90_3" type="source_detector_position" color="green" lane="114208221#0_0" pos="11.50"/>
    <poi id="696_3" type="source_detector_position" color="green" lane="4476043#0_0" pos="41.02"/>
    <poi id="112_3" type="source_detector_position" color="green" lane="3789571#0_1" pos="0.00"/>
    <poi id="683_3" type="source_detector_position" color="green" lane="394744908#1_0" pos="0.20"/>
    <poi id="1151_3" type="source_detector_position" color="green" lane="156771908_0" pos="174.79"/>
    <poi id="1157_3" type="source_detector_position" color="green" lane="-282243995#2_0" pos="0.11"/>
    <poi id="1031_3" type="source_detector_position" color="green" lane="58403835#2_0" pos="88.12"/>
    <poi id="1376_3" type="source_detector_position" color="green" lane="-44668398#2_0" pos="0.39"/>
    <poi id="470_3" type="source_detector_position" color="green" lane="4934683_0" pos="140.26"/>
    <poi id="466_3" type="source_detector_position" color="green" lane="372477029_0" pos="57.19"/>
    <poi id="1278_3" type="source_detector_position" color="green" lane="38587823_0" pos="69.39"/>
    <poi id="444_3" type="source_detector_position" color="green" lane="37721501#0_0" pos="51.23"/>
    <poi id="854_3" type="source_detector_position" color="green" lane="-53750892#4_0" pos="3.86"/>
    <poi id="477_3" type="source_detector_position" color="green" lane="372838324#0_2" pos="13.18"/>
    <poi id="850_3" type="source_detector_position" color="green" lane="13907386#0_0" pos="432.21"/>
    <poi id="694_3" type="source_detector_position" color="green" lane="26545993#0_0" pos="114.48"/>
    <poi id="238_3" type="source_detector_position" color="green" lane="-83806426#4_0" pos="10.30"/>
    <poi id="611_3" type="source_detector_position" color="green" lane="162745567#0_0" pos="9.96"/>
    <poi id="552_3" type="source_detector_position" color="green" lane="37746962_0" pos="12.83"/>
    <poi id="292_3" type="source_detector_position" color="green" lane="33920769#4_0" pos="4.06"/>
    <poi id="6_3" type="source_detector_position" color="green" lane="529166768#1_0" pos="27.97"/>
    <poi id="616_3" type="source_detector_position" color="green" lane="70595235#0_0" pos="15.37"/>
    <poi id="1362_3" type="source_detector_position" color="green" lane="-4472606#1_0" pos="288.08"/>
    <poi id="613_3" type="source_detector_position" color="green" lane="125872496_1" pos="16.27"/>
    <poi id="66_3" type="source_detector_position" color="green" lane="125814598_0" pos="9.71"/>
    <poi id="754_3" type="source_detector_position" color="green" lane="585819383#0_0" pos="7.23"/>
    <poi id="10_3" type="source_detector_position" color="green" lane="24450827_0" pos="0.56"/>
    <poi id="647_3" type="source_detector_position" color="green" lane="3787955#0_0" pos="22.59"/>
    <poi id="814_3" type="source_detector_position" color="green" lane="3789702_0" pos="0.00"/>
    <poi id="653_3" type="source_detector_position" color="green" lane="4395952#1_0" pos="5.17"/>
    <poi id="718_3" type="source_detector_position" color="green" lane="317003249#1_0" pos="12.58"/>
    <poi id="617_4" type="source_detector_position" color="green" lane="70595235#0_0" pos="15.37"/>
    <poi id="1398_4" type="source_detector_position" color="green" lane="-129217471#2_0" pos="78.41"/>
    <poi id="360_4" type="source_detector_position" color="green" lane="-3791034#1_1" pos="0.00"/>
    <poi id="1165_4" type="source_detector_position" color="green" lane="-15464769#0_0" pos="14.60"/>
    <poi id="125_4" type="source_detector_position" color="green" lane="-3791031#3_0" pos="102.31"/>
    <poi id="1161_4" type="source_detector_position" color="green" lane="-15464769#2_0" pos="7.42"/>
    <poi id="91_4" type="source_detector_position" color="green" lane="114208221#0_0" pos="11.50"/>
    <poi id="1152_4" type="source_detector_position" color="green" lane="156771908_0" pos="174.79"/>
    <poi id="697_4" type="source_detector_position" color="green" lane="4476043#0_0" pos="41.02"/>
    <poi id="1158_4" type="source_detector_position" color="green" lane="-282243995#2_0" pos="0.11"/>
    <poi id="1377_4" type="source_detector_position" color="green" lane="-44668398#2_0" pos="0.39"/>
    <poi id="471_4" type="source_detector_position" color="green" lane="4934683_0" pos="140.26"/>
    <poi id="467_4" type="source_detector_position" color="green" lane="372477029_0" pos="57.19"/>
    <poi id="478_4" type="source_detector_position" color="green" lane="372838324#0_2" pos="13.18"/>
    <poi id="116_4" type="source_detector_position" color="green" lane="gneE22_0" pos="25.75"/>
    <poi id="113_4" type="source_detector_position" color="green" lane="3789571#0_1" pos="0.00"/>
    <poi id="851_4" type="source_detector_position" color="green" lane="13907386#0_0" pos="432.21"/>
    <poi id="156_4" type="source_detector_position" color="green" lane="37865098#2_1" pos="70.34"/>
    <poi id="11_4" type="source_detector_position" color="green" lane="24450827_0" pos="0.56"/>
    <poi id="815_4" type="source_detector_position" color="green" lane="3789702_0" pos="0.00"/>
    <poi id="761_4" type="source_detector_position" color="green" lane="3787950#1_1" pos="36.00"/>
    <poi id="445_4" type="source_detector_position" color="green" lane="37721501#0_0" pos="51.23"/>
    <poi id="668_5" type="source_detector_position" color="green" lane="24973956#0_0" pos="18.96"/>
    <poi id="117_5" type="source_detector_position" color="green" lane="gneE22_0" pos="25.75"/>
    <poi id="503_5" type="source_detector_position" color="green" lane="3716924_1" pos="11.94"/>
    <poi id="456_5" type="source_detector_position" color="green" lane="37692198#0_0" pos="13.73"/>
    <poi id="651_5" type="source_detector_position" color="green" lane="192108786#1_1" pos="10.38"/>
    <poi id="1399_5" type="source_detector_position" color="green" lane="-129217471#2_0" pos="78.41"/>
    <poi id="58_5" type="source_detector_position" color="green" lane="229727179_0" pos="0.00"/>
    <poi id="361_5" type="source_detector_position" color="green" lane="-3791034#1_1" pos="0.00"/>
    <poi id="126_5" type="source_detector_position" color="green" lane="-3791031#3_0" pos="102.31"/>
    <poi id="645_5" type="source_detector_position" color="green" lane="4401523_1" pos="0.20"/>
    <poi id="13_5" type="source_detector_position" color="green" lane="50214631#0_0" pos="31.26"/>
    <poi id="82_5" type="source_detector_position" color="green" lane="gneE29_2" pos="22.47"/>
    <poi id="776_5" type="source_detector_position" color="green" lane="4402007#1_1" pos="90.70"/>
    <poi id="759_5" type="source_detector_position" color="green" lane="3787951#0_0" pos="196.11"/>
    <poi id="622_5" type="source_detector_position" color="green" lane="376662370#0_0" pos="30.66"/>
    <poi id="654_5" type="source_detector_position" color="green" lane="4395952#1_0" pos="5.17"/>
    <poi id="655_6" type="source_detector_position" color="green" lane="4395952#1_0" pos="5.17"/>
    <poi id="638_6" type="source_detector_position" color="green" lane="gneE28_2" pos="38.73"/>
    <poi id="977_6" type="source_detector_position" color="green" lane="12341246#0_0" pos="36.09"/>
    <poi id="118_6" type="source_detector_position" color="green" lane="gneE22_0" pos="25.75"/>
    <poi id="7_6" type="source_detector_position" color="green" lane="529166768#1_0" pos="27.97"/>
    <poi id="760_6" type="source_detector_position" color="green" lane="3787951#0_0" pos="196.11"/>
    <poi id="83_6" type="source_detector_position" color="green" lane="gneE29_2" pos="22.47"/>
    <poi id="648_6" type="source_detector_position" color="green" lane="3787955#0_0" pos="22.59"/>
    <poi id="623_6" type="source_detector_position" color="green" lane="376662370#0_0" pos="30.66"/>
    <poi id="630_7" type="source_detector_position" color="green" lane="4401806_0" pos="10.41"/>
    <poi id="672_7" type="source_detector_position" color="green" lane="514848250_0" pos="108.39"/>
    <poi id="639_7" type="source_detector_position" color="green" lane="gneE28_2" pos="38.73"/>
    <poi id="1289_10" type="source_detector_position" color="green" lane="81310506#0_0" pos="32.97"/>
    <poi id="1350_1" type="source_detector_position" color="green" lane="22978622#1_1" pos="20.11"/>
    <poi id="859_1" type="source_detector_position" color="green" lane="439945765_0" pos="20.03"/>
    <poi id="150_1" type="source_detector_position" color="green" lane="-127359208#0_0" pos="20.41"/>
    <poi id="855_1" type="source_detector_position" color="green" lane="-369154722#2_0" pos="8.72"/>
    <poi id="1170_1" type="source_detector_position" color="green" lane="4215595#1_0" pos="56.42"/>
    <poi id="1006_1" type="source_detector_position" color="green" lane="4215595#1_0" pos="113.48"/>
    <poi id="396_1" type="source_detector_position" color="green" lane="4253696#0_0" pos="0.00"/>
    <poi id="17_1" type="source_detector_position" color="green" lane="-231612455#3_0" pos="7.84"/>
    <poi id="920_1" type="source_detector_position" color="green" lane="317554423#0_0" pos="74.42"/>
    <poi id="570_1" type="source_detector_position" color="green" lane="36711537_0" pos="13.12"/>
    <poi id="143_1" type="source_detector_position" color="green" lane="3763683#0_0" pos="0.07"/>
    <poi id="566_1" type="source_detector_position" color="green" lane="52881500#3_1" pos="115.25"/>
    <poi id="414_1" type="source_detector_position" color="green" lane="29561733#0_0" pos="1.17"/>
    <poi id="952_1" type="source_detector_position" color="green" lane="4934661#0_0" pos="9.72"/>
    <poi id="1243_1" type="source_detector_position" color="green" lane="-636824322#1_0" pos="7.11"/>
    <poi id="860_2" type="source_detector_position" color="green" lane="439945765_0" pos="20.03"/>
    <poi id="397_2" type="source_detector_position" color="green" lane="4253696#0_0" pos="0.00"/>
    <poi id="415_2" type="source_detector_position" color="green" lane="29561733#0_0" pos="1.17"/>
    <poi id="144_2" type="source_detector_position" color="green" lane="3763683#0_0" pos="0.07"/>
    <poi id="1351_2" type="source_detector_position" color="green" lane="22978622#1_1" pos="20.11"/>
    <poi id="1171_2" type="source_detector_position" color="green" lane="4215595#1_0" pos="56.42"/>
    <poi id="1007_2" type="source_detector_position" color="green" lane="4215595#1_0" pos="113.48"/>
    <poi id="18_2" type="source_detector_position" color="green" lane="-231612455#3_0" pos="7.84"/>
    <poi id="151_2" type="source_detector_position" color="green" lane="-127359208#0_0" pos="20.41"/>
    <poi id="497_2" type="source_detector_position" color="green" lane="636824319#0_0" pos="7.45"/>
    <poi id="856_2" type="source_detector_position" color="green" lane="-369154722#2_0" pos="8.72"/>
    <poi id="567_2" type="source_detector_position" color="green" lane="52881500#3_1" pos="115.25"/>
    <poi id="956_2" type="source_detector_position" color="green" lane="-129774678#4_0" pos="0.00"/>
    <poi id="571_2" type="source_detector_position" color="green" lane="36711537_0" pos="13.12"/>
    <poi id="953_2" type="source_detector_position" color="green" lane="4934661#0_0" pos="9.72"/>
    <poi id="498_3" type="source_detector_position" color="green" lane="636824319#0_0" pos="7.45"/>
    <poi id="572_3" type="source_detector_position" color="green" lane="36711537_0" pos="13.12"/>
    <poi id="857_3" type="source_detector_position" color="green" lane="-369154722#2_0" pos="8.72"/>
    <poi id="954_3" type="source_detector_position" color="green" lane="4934661#0_0" pos="9.72"/>
    <poi id="416_3" type="source_detector_position" color="green" lane="29561733#0_0" pos="1.17"/>
    <poi id="145_3" type="source_detector_position" color="green" lane="3763683#0_0" pos="0.07"/>
    <poi id="1352_3" type="source_detector_position" color="green" lane="22978622#1_1" pos="20.11"/>
    <poi id="1244_3" type="source_detector_position" color="green" lane="-636824322#1_0" pos="7.11"/>
    <poi id="1172_3" type="source_detector_position" color="green" lane="4215595#1_0" pos="56.42"/>
    <poi id="1008_3" type="source_detector_position" color="green" lane="4215595#1_0" pos="113.48"/>
    <poi id="1286_3" type="source_detector_position" color="green" lane="81310506#0_0" pos="32.97"/>
    <poi id="585_3" type="source_detector_position" color="green" lane="-23308790#3_0" pos="18.58"/>
    <poi id="152_3" type="source_detector_position" color="green" lane="-127359208#0_0" pos="20.41"/>
    <poi id="861_3" type="source_detector_position" color="green" lane="439945765_0" pos="20.03"/>
    <poi id="153_4" type="source_detector_position" color="green" lane="-127359208#0_0" pos="20.41"/>
    <poi id="921_4" type="source_detector_position" color="green" lane="317554423#0_0" pos="74.42"/>
    <poi id="568_4" type="source_detector_position" color="green" lane="52881500#3_1" pos="115.25"/>
    <poi id="957_4" type="source_detector_position" color="green" lane="-129774678#4_0" pos="0.00"/>
    <poi id="20_4" type="source_detector_position" color="green" lane="-231612455#3_0" pos="7.84"/>
    <poi id="858_4" type="source_detector_position" color="green" lane="-369154722#2_0" pos="8.72"/>
    <poi id="499_4" type="source_detector_position" color="green" lane="636824319#0_0" pos="7.45"/>
    <poi id="573_4" type="source_detector_position" color="green" lane="36711537_0" pos="13.12"/>
    <poi id="955_4" type="source_detector_position" color="green" lane="4934661#0_0" pos="9.72"/>
    <poi id="399_4" type="source_detector_position" color="green" lane="4253696#0_0" pos="0.00"/>
    <poi id="1245_4" type="source_detector_position" color="green" lane="-636824322#1_0" pos="7.11"/>
    <poi id="1287_4" type="source_detector_position" color="green" lane="81310506#0_0" pos="32.97"/>
    <poi id="958_5" type="source_detector_position" color="green" lane="-129774678#4_0" pos="0.00"/>
    <poi id="569_5" type="source_detector_position" color="green" lane="52881500#3_1" pos="115.25"/>
    <poi id="1288_6" type="source_detector_position" color="green" lane="81310506#0_0" pos="32.97"/>
    <poi id="586_7" type="source_detector_position" color="green" lane="-23308790#3_0" pos="18.58"/>
    <poi id="587_8" type="source_detector_position" color="green" lane="-23308790#3_0" pos="18.58"/>
    <poi id="588_9" type="source_detector_position" color="green" lane="-23308790#3_0" pos="18.58"/>
    <poi id="543_1" type="source_detector_position" color="green" lane="2110697#0_0" pos="0.00"/>
    <poi id="533_1" type="source_detector_position" color="green" lane="317312610_0" pos="299.83"/>
    <poi id="447_1" type="source_detector_position" color="green" lane="-39523885#7_0" pos="3.44"/>
    <poi id="562_1" type="source_detector_position" color="green" lane="-71423403#1_0" pos="138.77"/>
    <poi id="373_1" type="source_detector_position" color="green" lane="128946815#8_0" pos="56.81"/>
    <poi id="1086_1" type="source_detector_position" color="green" lane="554991019_0" pos="8.05"/>
    <poi id="574_1" type="source_detector_position" color="green" lane="372226878#0_0" pos="103.22"/>
    <poi id="248_1" type="source_detector_position" color="green" lane="-4934502#0_0" pos="12.35"/>
    <poi id="632_1" type="source_detector_position" color="green" lane="229823258_0" pos="6.79"/>
    <poi id="458_1" type="source_detector_position" color="green" lane="228818581_1" pos="28.22"/>
    <poi id="892_1" type="source_detector_position" color="green" lane="153341562_0" pos="15.95"/>
    <poi id="169_1" type="source_detector_position" color="green" lane="128055542#0_1" pos="0.00"/>
    <poi id="70_1" type="source_detector_position" color="green" lane="gneE58_0" pos="10.35"/>
    <poi id="1076_1" type="source_detector_position" color="green" lane="631925372#0_0" pos="15.76"/>
    <poi id="763_1" type="source_detector_position" color="green" lane="56681847#1_0" pos="121.92"/>
    <poi id="29_1" type="source_detector_position" color="green" lane="-8111025_1" pos="0.17"/>
    <poi id="365_1" type="source_detector_position" color="green" lane="368505008#3_0" pos="246.09"/>
    <poi id="315_1" type="source_detector_position" color="green" lane="4287348#1_0" pos="0.00"/>
    <poi id="21_1" type="source_detector_position" color="green" lane="-283771398#2_0" pos="0.00"/>
    <poi id="25_1" type="source_detector_position" color="green" lane="547144822#0_0" pos="23.20"/>
    <poi id="311_1" type="source_detector_position" color="green" lane="-129298404#3_1" pos="59.64"/>
    <poi id="239_1" type="source_detector_position" color="green" lane="4820651_0" pos="0.00"/>
    <poi id="307_1" type="source_detector_position" color="green" lane="-7919276#7_0" pos="19.34"/>
    <poi id="103_1" type="source_detector_position" color="green" lane="-4926209#1_0" pos="2.17"/>
    <poi id="263_1" type="source_detector_position" color="green" lane="125880830#9_0" pos="39.19"/>
    <poi id="517_1" type="source_detector_position" color="green" lane="4934501#0_0" pos="14.84"/>
    <poi id="1273_1" type="source_detector_position" color="green" lane="38023640_0" pos="13.21"/>
    <poi id="219_1" type="source_detector_position" color="green" lane="631925364#3_0" pos="263.08"/>
    <poi id="427_1" type="source_detector_position" color="green" lane="4926004#0_1" pos="173.25"/>
    <poi id="766_1" type="source_detector_position" color="green" lane="133909794#0_0" pos="24.15"/>
    <poi id="74_1" type="source_detector_position" color="green" lane="4628790_1" pos="14.52"/>
    <poi id="119_1" type="source_detector_position" color="green" lane="-228818579#7_0" pos="7.32"/>
    <poi id="400_1" type="source_detector_position" color="green" lane="143866317#0_1" pos="78.92"/>
    <poi id="772_1" type="source_detector_position" color="green" lane="128570947_0" pos="1.12"/>
    <poi id="220_2" type="source_detector_position" color="green" lane="631925364#3_0" pos="263.08"/>
    <poi id="366_2" type="source_detector_position" color="green" lane="368505008#3_0" pos="246.09"/>
    <poi id="518_2" type="source_detector_position" color="green" lane="4934501#0_0" pos="14.84"/>
    <poi id="316_2" type="source_detector_position" color="green" lane="4287348#1_0" pos="0.00"/>
    <poi id="170_2" type="source_detector_position" color="green" lane="128055542#0_1" pos="0.00"/>
    <poi id="22_2" type="source_detector_position" color="green" lane="-283771398#2_0" pos="0.00"/>
    <poi id="26_2" type="source_detector_position" color="green" lane="547144822#0_0" pos="23.20"/>
    <poi id="1274_2" type="source_detector_position" color="green" lane="38023640_0" pos="13.21"/>
    <poi id="428_2" type="source_detector_position" color="green" lane="4926004#0_1" pos="173.25"/>
    <poi id="120_2" type="source_detector_position" color="green" lane="-228818579#7_0" pos="7.32"/>
    <poi id="107_2" type="source_detector_position" color="green" lane="4628797#1_2" pos="0.00"/>
    <poi id="401_2" type="source_detector_position" color="green" lane="143866317#0_1" pos="78.92"/>
    <poi id="767_2" type="source_detector_position" color="green" lane="133909794#0_0" pos="24.15"/>
    <poi id="448_2" type="source_detector_position" color="green" lane="-39523885#7_0" pos="3.44"/>
    <poi id="1087_2" type="source_detector_position" color="green" lane="554991019_0" pos="8.05"/>
    <poi id="773_2" type="source_detector_position" color="green" lane="128570947_0" pos="1.12"/>
    <poi id="563_2" type="source_detector_position" color="green" lane="-71423403#1_0" pos="138.77"/>
    <poi id="1017_2" type="source_detector_position" color="green" lane="7415911#0_0" pos="7.22"/>
    <poi id="374_2" type="source_detector_position" color="green" lane="128946815#8_0" pos="56.81"/>
    <poi id="30_2" type="source_detector_position" color="green" lane="-8111025_1" pos="0.17"/>
    <poi id="893_2" type="source_detector_position" color="green" lane="153341562_0" pos="15.95"/>
    <poi id="240_2" type="source_detector_position" color="green" lane="4820651_0" pos="0.00"/>
    <poi id="764_2" type="source_detector_position" color="green" lane="56681847#1_0" pos="121.92"/>
    <poi id="104_2" type="source_detector_position" color="green" lane="-4926209#1_0" pos="2.17"/>
    <poi id="431_2" type="source_detector_position" color="green" lane="-110445434_0" pos="0.00"/>
    <poi id="308_2" type="source_detector_position" color="green" lane="-7919276#7_0" pos="19.34"/>
    <poi id="264_2" type="source_detector_position" color="green" lane="125880830#9_0" pos="39.19"/>
    <poi id="633_2" type="source_detector_position" color="green" lane="229823258_0" pos="6.79"/>
    <poi id="249_2" type="source_detector_position" color="green" lane="-4934502#0_0" pos="12.35"/>
    <poi id="534_2" type="source_detector_position" color="green" lane="317312610_0" pos="299.83"/>
    <poi id="459_2" type="source_detector_position" color="green" lane="228818581_1" pos="28.22"/>
    <poi id="241_3" type="source_detector_position" color="green" lane="4820651_0" pos="0.00"/>
    <poi id="432_3" type="source_detector_position" color="green" lane="-110445434_0" pos="0.00"/>
    <poi id="309_3" type="source_detector_position" color="green" lane="-7919276#7_0" pos="19.34"/>
    <poi id="105_3" type="source_detector_position" color="green" lane="-4926209#1_0" pos="2.17"/>
    <poi id="108_3" type="source_detector_position" color="green" lane="4290616#1_0" pos="14.32"/>
    <poi id="76_3" type="source_detector_position" color="green" lane="13894939#3_0" pos="48.94"/>
    <poi id="265_3" type="source_detector_position" color="green" lane="125880830#9_0" pos="39.19"/>
    <poi id="535_3" type="source_detector_position" color="green" lane="317312610_0" pos="299.83"/>
    <poi id="765_3" type="source_detector_position" color="green" lane="56681847#1_0" pos="121.92"/>
    <poi id="221_3" type="source_detector_position" color="green" lane="631925364#3_0" pos="263.08"/>
    <poi id="171_3" type="source_detector_position" color="green" lane="128055542#0_1" pos="0.00"/>
    <poi id="986_3" type="source_detector_position" color="green" lane="4074526#0_0" pos="0.00"/>
    <poi id="634_3" type="source_detector_position" color="green" lane="229823258_0" pos="6.79"/>
    <poi id="460_3" type="source_detector_position" color="green" lane="228818581_1" pos="28.22"/>
    <poi id="1072_3" type="source_detector_position" color="green" lane="317312606_0" pos="6.59"/>
    <poi id="367_3" type="source_detector_position" color="green" lane="368505008#3_0" pos="246.09"/>
    <poi id="23_3" type="source_detector_position" color="green" lane="-283771398#2_0" pos="0.00"/>
    <poi id="27_3" type="source_detector_position" color="green" lane="547144822#0_0" pos="23.20"/>
    <poi id="1275_3" type="source_detector_position" color="green" lane="38023640_0" pos="13.21"/>
    <poi id="429_3" type="source_detector_position" color="green" lane="4926004#0_1" pos="173.25"/>
    <poi id="402_3" type="source_detector_position" color="green" lane="143866317#0_1" pos="78.92"/>
    <poi id="449_3" type="source_detector_position" color="green" lane="-39523885#7_0" pos="3.44"/>
    <poi id="564_3" type="source_detector_position" color="green" lane="-71423403#1_0" pos="138.77"/>
    <poi id="1088_3" type="source_detector_position" color="green" lane="554991019_0" pos="8.05"/>
    <poi id="575_3" type="source_detector_position" color="green" lane="372226878#0_0" pos="103.22"/>
    <poi id="768_3" type="source_detector_position" color="green" lane="133909794#0_0" pos="24.15"/>
    <poi id="894_3" type="source_detector_position" color="green" lane="153341562_0" pos="15.95"/>
    <poi id="312_3" type="source_detector_position" color="green" lane="-129298404#3_1" pos="59.64"/>
    <poi id="481_3" type="source_detector_position" color="green" lane="368505012_0" pos="7.42"/>
    <poi id="71_3" type="source_detector_position" color="green" lane="gneE58_0" pos="10.35"/>
    <poi id="576_4" type="source_detector_position" color="green" lane="372226878#0_0" pos="103.22"/>
    <poi id="565_4" type="source_detector_position" color="green" lane="-71423403#1_0" pos="138.77"/>
    <poi id="540_4" type="source_detector_position" color="green" lane="4629169#5_0" pos="190.76"/>
    <poi id="77_4" type="source_detector_position" color="green" lane="13894939#3_0" pos="48.94"/>
    <poi id="250_4" type="source_detector_position" color="green" lane="-4934502#0_0" pos="12.35"/>
    <poi id="544_4" type="source_detector_position" color="green" lane="2110697#0_0" pos="0.00"/>
    <poi id="482_4" type="source_detector_position" color="green" lane="368505012_0" pos="7.42"/>
    <poi id="31_4" type="source_detector_position" color="green" lane="-8111025_1" pos="0.17"/>
    <poi id="433_4" type="source_detector_position" color="green" lane="-110445434_0" pos="0.00"/>
    <poi id="106_4" type="source_detector_position" color="green" lane="-4926209#1_0" pos="2.17"/>
    <poi id="266_4" type="source_detector_position" color="green" lane="125880830#9_0" pos="39.19"/>
    <poi id="635_4" type="source_detector_position" color="green" lane="229823258_0" pos="6.79"/>
    <poi id="536_4" type="source_detector_position" color="green" lane="317312610_0" pos="299.83"/>
    <poi id="310_4" type="source_detector_position" color="green" lane="-7919276#7_0" pos="19.34"/>
    <poi id="368_4" type="source_detector_position" color="green" lane="368505008#3_0" pos="246.09"/>
    <poi id="24_4" type="source_detector_position" color="green" lane="-283771398#2_0" pos="0.00"/>
    <poi id="28_4" type="source_detector_position" color="green" lane="547144822#0_0" pos="23.20"/>
    <poi id="172_4" type="source_detector_position" color="green" lane="128055542#0_1" pos="0.00"/>
    <poi id="1276_4" type="source_detector_position" color="green" lane="38023640_0" pos="13.21"/>
    <poi id="430_4" type="source_detector_position" color="green" lane="4926004#0_1" pos="173.25"/>
    <poi id="771_4" type="source_detector_position" color="green" lane="48483331#0_0" pos="63.04"/>
    <poi id="450_4" type="source_detector_position" color="green" lane="-39523885#7_0" pos="3.44"/>
    <poi id="313_5" type="source_detector_position" color="green" lane="-129298404#3_1" pos="59.64"/>
    <poi id="242_5" type="source_detector_position" color="green" lane="4820651_0" pos="0.00"/>
    <poi id="72_5" type="source_detector_position" color="green" lane="gneE58_0" pos="10.35"/>
    <poi id="75_5" type="source_detector_position" color="green" lane="4628790_1" pos="14.52"/>
    <poi id="78_5" type="source_detector_position" color="green" lane="13894939#3_0" pos="48.94"/>
    <poi id="121_5" type="source_detector_position" color="green" lane="-228818579#7_0" pos="7.32"/>
    <poi id="109_5" type="source_detector_position" color="green" lane="4290616#1_0" pos="14.32"/>
    <poi id="251_5" type="source_detector_position" color="green" lane="-4934502#0_0" pos="12.35"/>
    <poi id="1019_5" type="source_detector_position" color="green" lane="7415911#0_0" pos="7.22"/>
    <poi id="376_5" type="source_detector_position" color="green" lane="128946815#8_0" pos="56.81"/>
    <poi id="434_5" type="source_detector_position" color="green" lane="-110445434_0" pos="0.00"/>
    <poi id="774_5" type="source_detector_position" color="green" lane="128570947_0" pos="1.12"/>
    <poi id="483_5" type="source_detector_position" color="green" lane="368505012_0" pos="7.42"/>
    <poi id="110_6" type="source_detector_position" color="green" lane="4290616#1_0" pos="14.32"/>
    <poi id="484_6" type="source_detector_position" color="green" lane="368505012_0" pos="7.42"/>
    <poi id="1020_6" type="source_detector_position" color="green" lane="7415911#0_0" pos="7.22"/>
    <poi id="377_6" type="source_detector_position" color="green" lane="128946815#8_0" pos="56.81"/>
    <poi id="541_6" type="source_detector_position" color="green" lane="4629169#5_0" pos="190.76"/>
    <poi id="243_6" type="source_detector_position" color="green" lane="4820651_0" pos="0.00"/>
    <poi id="314_6" type="source_detector_position" color="green" lane="-129298404#3_1" pos="59.64"/>
    <poi id="73_6" type="source_detector_position" color="green" lane="gneE58_0" pos="10.35"/>
    <poi id="122_6" type="source_detector_position" color="green" lane="-228818579#7_0" pos="7.32"/>
    <poi id="79_6" type="source_detector_position" color="green" lane="13894939#3_0" pos="48.94"/>
    <poi id="1021_7" type="source_detector_position" color="green" lane="7415911#0_0" pos="7.22"/>
    <poi id="378_7" type="source_detector_position" color="green" lane="128946815#8_0" pos="56.81"/>
    <poi id="462_7" type="source_detector_position" color="green" lane="228818581_1" pos="28.22"/>
    <poi id="318_7" type="source_detector_position" color="green" lane="4287348#1_0" pos="0.00"/>
    <poi id="987_7" type="source_detector_position" color="green" lane="4074526#0_0" pos="0.00"/>
    <poi id="522_8" type="source_detector_position" color="green" lane="4934501#0_0" pos="14.84"/>
    <poi id="463_8" type="source_detector_position" color="green" lane="228818581_1" pos="28.22"/>
    <poi id="523_9" type="source_detector_position" color="green" lane="4934501#0_0" pos="14.84"/>
    <poi id="558_1" type="source_detector_position" color="green" lane="22977599#0_0" pos="74.45"/>
    <poi id="1358_1" type="source_detector_position" color="green" lane="-24600987#0_0" pos="120.60"/>
    <poi id="209_1" type="source_detector_position" color="green" lane="3818299#3_0" pos="309.01"/>
    <poi id="67_1" type="source_detector_position" color="green" lane="4396159#0_0" pos="0.00"/>
    <poi id="177_1" type="source_detector_position" color="green" lane="4396062#6_0" pos="106.12"/>
    <poi id="181_1" type="source_detector_position" color="green" lane="4395891#0_0" pos="172.88"/>
    <poi id="1237_1" type="source_detector_position" color="green" lane="-128775883#4_0" pos="100.53"/>
    <poi id="185_1" type="source_detector_position" color="green" lane="55668404#1_0" pos="31.89"/>
    <poi id="173_1" type="source_detector_position" color="green" lane="128676689#5_0" pos="41.86"/>
    <poi id="640_1" type="source_detector_position" color="green" lane="37691265#0_0" pos="13.88"/>
    <poi id="704_1" type="source_detector_position" color="green" lane="23050725_0" pos="0.00"/>
    <poi id="423_1" type="source_detector_position" color="green" lane="481221024#0_0" pos="88.98"/>
    <poi id="32_1" type="source_detector_position" color="green" lane="317697975#5_0" pos="143.31"/>
    <poi id="873_1" type="source_detector_position" color="green" lane="-34146295#1_0" pos="123.86"/>
    <poi id="192_1" type="source_detector_position" color="green" lane="4395933#9_0" pos="23.96"/>
    <poi id="213_1" type="source_detector_position" color="green" lane="20485040#7_0" pos="126.53"/>
    <poi id="226_1" type="source_detector_position" color="green" lane="128775158#0_0" pos="1.15"/>
    <poi id="675_1" type="source_detector_position" color="green" lane="22636361#0_0" pos="0.01"/>
    <poi id="593_1" type="source_detector_position" color="green" lane="-547766101#3_0" pos="19.64"/>
    <poi id="379_1" type="source_detector_position" color="green" lane="-3957127#2_0" pos="23.96"/>
    <poi id="405_1" type="source_detector_position" color="green" lane="293281654_0" pos="121.08"/>
    <poi id="59_1" type="source_detector_position" color="green" lane="317183891#3_0" pos="17.86"/>
    <poi id="403_1" type="source_detector_position" color="green" lane="83517075#0_0" pos="76.26"/>
    <poi id="14_1" type="source_detector_position" color="green" lane="-4899745#2_0" pos="0.00"/>
    <poi id="451_1" type="source_detector_position" color="green" lane="-37692391#1_0" pos="0.00"/>
    <poi id="836_1" type="source_detector_position" color="green" lane="-37747648#0_0" pos="61.97"/>
    <poi id="140_1" type="source_detector_position" color="green" lane="32117786#5_1" pos="216.68"/>
    <poi id="489_1" type="source_detector_position" color="green" lane="4395609#0_0" pos="121.70"/>
    <poi id="485_2" type="source_detector_position" color="green" lane="3708865#10_0" pos="170.10"/>
    <poi id="210_2" type="source_detector_position" color="green" lane="3818299#3_0" pos="309.01"/>
    <poi id="410_2" type="source_detector_position" color="green" lane="40260270#4_0" pos="116.70"/>
    <poi id="193_2" type="source_detector_position" color="green" lane="4395933#9_0" pos="23.96"/>
    <poi id="559_2" type="source_detector_position" color="green" lane="22977599#0_0" pos="74.45"/>
    <poi id="452_2" type="source_detector_position" color="green" lane="-37692391#1_0" pos="0.00"/>
    <poi id="837_2" type="source_detector_position" color="green" lane="-37747648#0_0" pos="61.97"/>
    <poi id="141_2" type="source_detector_position" color="green" lane="32117786#5_1" pos="216.68"/>
    <poi id="1343_2" type="source_detector_position" color="green" lane="-192108777#3_0" pos="1.10"/>
    <poi id="1238_2" type="source_detector_position" color="green" lane="-128775883#4_0" pos="100.53"/>
    <poi id="490_2" type="source_detector_position" color="green" lane="4395609#0_0" pos="121.70"/>
    <poi id="60_2" type="source_detector_position" color="green" lane="317183891#3_0" pos="17.86"/>
    <poi id="15_2" type="source_detector_position" color="green" lane="-4899745#2_0" pos="0.00"/>
    <poi id="178_2" type="source_detector_position" color="green" lane="4396062#6_0" pos="106.12"/>
    <poi id="186_2" type="source_detector_position" color="green" lane="55668404#1_0" pos="31.89"/>
    <poi id="214_2" type="source_detector_position" color="green" lane="20485040#7_0" pos="126.53"/>
    <poi id="174_2" type="source_detector_position" color="green" lane="128676689#5_0" pos="41.86"/>
    <poi id="424_2" type="source_detector_position" color="green" lane="481221024#0_0" pos="88.98"/>
    <poi id="68_2" type="source_detector_position" color="green" lane="4396159#0_0" pos="0.00"/>
    <poi id="1359_2" type="source_detector_position" color="green" lane="-24600987#0_0" pos="120.60"/>
    <poi id="641_2" type="source_detector_position" color="green" lane="37691265#0_0" pos="13.88"/>
    <poi id="33_2" type="source_detector_position" color="green" lane="317697975#5_0" pos="143.31"/>
    <poi id="227_2" type="source_detector_position" color="green" lane="128775158#0_0" pos="1.15"/>
    <poi id="676_2" type="source_detector_position" color="green" lane="22636361#0_0" pos="0.01"/>
    <poi id="411_3" type="source_detector_position" color="green" lane="40260270#4_0" pos="116.70"/>
    <poi id="34_3" type="source_detector_position" color="green" lane="317697975#5_0" pos="143.31"/>
    <poi id="215_3" type="source_detector_position" color="green" lane="20485040#7_0" pos="126.53"/>
    <poi id="380_3" type="source_detector_position" color="green" lane="-3957127#2_0" pos="23.96"/>
    <poi id="560_3" type="source_detector_position" color="green" lane="22977599#0_0" pos="74.45"/>
    <poi id="677_3" type="source_detector_position" color="green" lane="22636361#0_0" pos="0.01"/>
    <poi id="407_3" type="source_detector_position" color="green" lane="293281654_0" pos="121.08"/>
    <poi id="211_3" type="source_detector_position" color="green" lane="3818299#3_0" pos="309.01"/>
    <poi id="910_3" type="source_detector_position" color="green" lane="-34146295#4_0" pos="8.29"/>
    <poi id="189_3" type="source_detector_position" color="green" lane="4395699_1" pos="8.16"/>
    <poi id="838_3" type="source_detector_position" color="green" lane="-37747648#0_0" pos="61.97"/>
    <poi id="142_3" type="source_detector_position" color="green" lane="32117786#5_1" pos="216.68"/>
    <poi id="491_3" type="source_detector_position" color="green" lane="4395609#0_0" pos="121.70"/>
    <poi id="16_3" type="source_detector_position" color="green" lane="-4899745#2_0" pos="0.00"/>
    <poi id="179_3" type="source_detector_position" color="green" lane="4396062#6_0" pos="106.12"/>
    <poi id="183_3" type="source_detector_position" color="green" lane="4395891#0_0" pos="172.88"/>
    <poi id="1239_3" type="source_detector_position" color="green" lane="-128775883#4_0" pos="100.53"/>
    <poi id="187_3" type="source_detector_position" color="green" lane="55668404#1_0" pos="31.89"/>
    <poi id="1344_3" type="source_detector_position" color="green" lane="-192108777#3_0" pos="1.10"/>
    <poi id="425_3" type="source_detector_position" color="green" lane="481221024#0_0" pos="88.98"/>
    <poi id="404_3" type="source_detector_position" color="green" lane="83517075#0_0" pos="76.26"/>
    <poi id="69_3" type="source_detector_position" color="green" lane="4396159#0_0" pos="0.00"/>
    <poi id="642_3" type="source_detector_position" color="green" lane="37691265#0_0" pos="13.88"/>
    <poi id="492_4" type="source_detector_position" color="green" lane="4395609#0_0" pos="121.70"/>
    <poi id="874_4" type="source_detector_position" color="green" lane="-34146295#1_0" pos="123.86"/>
    <poi id="35_4" type="source_detector_position" color="green" lane="317697975#5_0" pos="143.31"/>
    <poi id="594_4" type="source_detector_position" color="green" lane="-547766101#3_0" pos="19.64"/>
    <poi id="228_4" type="source_detector_position" color="green" lane="128775158#0_0" pos="1.15"/>
    <poi id="180_4" type="source_detector_position" color="green" lane="4396062#6_0" pos="106.12"/>
    <poi id="184_4" type="source_detector_position" color="green" lane="4395891#0_0" pos="172.88"/>
    <poi id="188_4" type="source_detector_position" color="green" lane="55668404#1_0" pos="31.89"/>
    <poi id="381_4" type="source_detector_position" color="green" lane="-3957127#2_0" pos="23.96"/>
    <poi id="408_4" type="source_detector_position" color="green" lane="293281654_0" pos="121.08"/>
    <poi id="561_4" type="source_detector_position" color="green" lane="22977599#0_0" pos="74.45"/>
    <poi id="487_4" type="source_detector_position" color="green" lane="3708865#10_0" pos="170.10"/>
    <poi id="212_4" type="source_detector_position" color="green" lane="3818299#3_0" pos="309.01"/>
    <poi id="190_4" type="source_detector_position" color="green" lane="4395699_1" pos="8.16"/>
    <poi id="175_4" type="source_detector_position" color="green" lane="128676689#5_0" pos="41.86"/>
    <poi id="911_4" type="source_detector_position" color="green" lane="-34146295#4_0" pos="8.29"/>
    <poi id="839_4" type="source_detector_position" color="green" lane="-37747648#0_0" pos="61.97"/>
    <poi id="194_5" type="source_detector_position" color="green" lane="4395933#9_0" pos="23.96"/>
    <poi id="412_5" type="source_detector_position" color="green" lane="40260270#4_0" pos="116.70"/>
    <poi id="595_5" type="source_detector_position" color="green" lane="-547766101#3_0" pos="19.64"/>
    <poi id="705_5" type="source_detector_position" color="green" lane="23050725_0" pos="0.00"/>
    <poi id="382_5" type="source_detector_position" color="green" lane="-3957127#2_0" pos="23.96"/>
    <poi id="409_6" type="source_detector_position" color="green" lane="293281654_0" pos="121.08"/>
    <poi id="191_6" type="source_detector_position" color="green" lane="4395699_1" pos="8.16"/>
    <poi id="195_6" type="source_detector_position" color="green" lane="4395933#9_0" pos="23.96"/>
    <poi id="596_6" type="source_detector_position" color="green" lane="-547766101#3_0" pos="19.64"/>
    <poi id="453_6" type="source_detector_position" color="green" lane="-37692391#1_0" pos="0.00"/>
    <poi id="875_7" type="source_detector_position" color="green" lane="-34146295#1_0" pos="123.86"/>
    <poi id="413_7" type="source_detector_position" color="green" lane="40260270#4_0" pos="116.70"/>
    <poi id="488_9" type="source_detector_position" color="green" lane="3708865#10_0" pos="170.10"/>
</additional>
